fiscal_year,medicaid_status,unpaid_care_share
2011,Expanded,0.0672
2011,Not expanded,0.0943
2012,Expanded,0.0682
2012,Not expanded,0.0955
2013,Expanded,0.0628
2013,Not expanded,0.0945
2014,Expanded,0.0494
2014,Not expanded,0.0966
2015,Expanded,0.04
2015,Not expanded,0.0897
2016,Expanded,0.0538
2016,Not expanded,0.0937
2017,Expanded,0.0391
2017,Not expanded,0.0943
2018,Expanded,0.0383
2018,Not expanded,0.0922
2019,Expanded,0.0378
2019,Not expanded,0.0933
2020,Expanded,0.0339
2020,Not expanded,0.0858
2021,Expanded,0.0295
2021,Not expanded,0.0804
2022,Expanded,0.0292
2022,Not expanded,0.0772
2023,Expanded,0.0299
2023,Not expanded,0.0774
